{"Total Alkalinity": {"old": 106.83126855633036, "new": 15.944946569981813, "corr": 0.09741118512307344}, "Electrical Conductance": {"old": 398.93413343444377, "new": 344.75494933258597, "corr": 0.9373563061189378}, "Dissolved Reactive Phosphorus": {"old": 32.28919833387209, "new": 20.89391681676804, "corr": 0.7958451166778598}}